Grade/Material	Standards	Hardness (HB, HV, HRC)	Impact toughness (Charpy V-notch)	Source_Pages	Application	Category	Coating	Carbon (C)_min	Carbon (C)_max	Manganese (Mn)_min	Manganese (Mn)_max	Silicon (Si)_min	Silicon (Si)_max	Sulfur (S)_min	Sulfur (S)_max	Phosphorus (P)_min	Phosphorus (P)_max	Chromium (Cr)_min	Chromium (Cr)_max	Nickel (Ni)_min	Nickel (Ni)_max	Molybdenum (Mo)_min	Molybdenum (Mo)_max	Vanadium (V)_min	Vanadium (V)_max	Tungsten (W)_min	Tungsten (W)_max	Cobalt (Co)_min	Cobalt (Co)_max	Copper (Cu)_min	Copper (Cu)_max	Aluminum (Al)_min	Aluminum (Al)_max	Titanium (Ti)_min	Titanium (Ti)_max	Niobium (Nb)_min	Niobium (Nb)_max	Boron (B)_min	Boron (B)_max	Nitrogen (N)_min	Nitrogen (N)_max	tensile_strength_min	tensile_strength_max	yield_strength_min	yield_strength_max	Elongation (A%)_min	Elongation (A%)_max	Nb + V + Ti (Others)_min	Nb + V + Ti (Others)_max
S235JR	EN 10025-2:2019		27J at 20°C	Standard Specifications	General structural steels	Structural Steel		0.0	0.17	0.0	1.4	0.0	0.4	0.0	0.035	0.0	0.035	0.0	0.0	0.0	0.0	0.0	0.0	0.0	0.0	0.0	0.0	0.0	0.0	0.0	0.0	0.0	0.0	0.0	0.0	0.0	0.0	0.0	0.0	0.0	0.012	360.0	510.0	235.0	235.0	0.26	0.26	0.0	0.0
S275JR	EN 10025-2:2019		27J at 20°C	Standard Specifications	General structural steels	Structural Steel		0.0	0.21	0.0	1.5	0.0	0.4	0.0	0.035	0.0	0.035	0.0	0.0	0.0	0.0	0.0	0.0	0.0	0.0	0.0	0.0	0.0	0.0	0.0	0.0	0.0	0.0	0.0	0.0	0.0	0.0	0.0	0.0	0.0	0.012	410.0	560.0	275.0	275.0	0.23	0.23	0.0	0.0
S355JR	EN 10025-2:2019		27J at 20°C	Standard Specifications	General structural steels	Structural Steel		0.0	0.24	0.0	1.6	0.0	0.55	0.0	0.035	0.0	0.035	0.0	0.0	0.0	0.0	0.0	0.0	0.0	0.0	0.0	0.0	0.0	0.0	0.0	0.0	0.0	0.0	0.0	0.0	0.0	0.0	0.0	0.0	0.0	0.012	470.0	630.0	355.0	355.0	0.22	0.22	0.0	0.0
S420M	EN 10025-3:2019		27J at -20°C	Standard Specifications	Thermomechanically rolled steels	High Strength Steel		0.0	0.2	1.0	1.7	0.0	0.5	0.0	0.025	0.0	0.03	0.0	0.3	0.0	0.5	0.0	0.1	0.0	0.0	0.0	0.0	0.0	0.0	0.0	0.0	0.0	0.0	0.0	0.0	0.0	0.0	0.0	0.0	0.0	0.015	520.0	680.0	420.0	420.0	0.19	0.19	0.0	0.0
S460M	EN 10025-3:2019		27J at -20°C	Standard Specifications	Thermomechanically rolled steels	High Strength Steel		0.0	0.2	1.0	1.7	0.0	0.5	0.0	0.025	0.0	0.03	0.0	0.3	0.0	0.5	0.0	0.1	0.0	0.0	0.0	0.0	0.0	0.0	0.0	0.0	0.0	0.0	0.0	0.0	0.0	0.0	0.0	0.0	0.0	0.015	540.0	720.0	460.0	460.0	0.17	0.17	0.0	0.0
S500MC	EN 10149-2:2013			Standard Specifications	Cold forming, automotive	Microalloyed Steel		0.0	0.12	0.0	1.7	0.0	0.5	0.0	0.015	0.0	0.025	0.0	0.0	0.0	0.0	0.0	0.0	0.0	0.2	0.0	0.0	0.0	0.0	0.0	0.0	0.015	0.015	0.0	0.15	0.0	0.09	0.0	0.0	0.0	0.0	550.0	700.0	500.0	500.0	0.14	0.14	0.0	0.22
S700MC	EN 10149-2:2013			Standard Specifications	Cold forming, automotive, high strength applications	Microalloyed Steel		0.0	0.12	0.0	2.1	0.0	0.6	0.0	0.015	0.0	0.025	0.0	0.0	0.0	0.0	0.0	0.0	0.0	0.2	0.0	0.0	0.0	0.0	0.0	0.0	0.015	0.015	0.0	0.15	0.0	0.09	0.0	0.0	0.0	0.0	750.0	950.0	700.0	700.0	0.12	0.12	0.0	0.22
S960MC	EN 10149-2:2013			Standard Specifications	Ultra high strength applications, automotive	Ultra High Strength Steel		0.0	0.2	0.0	2.1	0.0	0.6	0.0	0.015	0.0	0.025	0.0	0.5	0.0	1.0	0.0	0.3	0.0	0.2	0.0	0.0	0.0	0.0	0.0	0.0	0.015	0.015	0.0	0.15	0.0	0.09	0.0	0.005	0.0	0.0	980.0	1150.0	960.0	960.0	0.1	0.1	0.0	0.22
DC01	EN 10130:2006			Standard Specifications	Cold forming, deep drawing	Cold Rolled Steel		0.0	0.12	0.0	0.6	0.0	0.0	0.0	0.045	0.0	0.045	0.0	0.0	0.0	0.0	0.0	0.0	0.0	0.0	0.0	0.0	0.0	0.0	0.0	0.0	0.0	0.0	0.0	0.0	0.0	0.0	0.0	0.0	0.0	0.0	270.0	410.0	0.0	280.0	0.28	0.28	0.0	0.0
DC03	EN 10130:2006			Standard Specifications	Deep drawing, complex forming	Cold Rolled Steel		0.0	0.1	0.0	0.45	0.0	0.0	0.0	0.03	0.0	0.03	0.0	0.0	0.0	0.0	0.0	0.0	0.0	0.0	0.0	0.0	0.0	0.0	0.0	0.0	0.0	0.0	0.0	0.0	0.0	0.0	0.0	0.0	0.0	0.0	270.0	370.0	0.0	210.0	0.34	0.34	0.0	0.0
DC04	EN 10130:2006			Standard Specifications	Extra deep drawing	Cold Rolled Steel		0.0	0.08	0.0	0.4	0.0	0.0	0.0	0.03	0.0	0.03	0.0	0.0	0.0	0.0	0.0	0.0	0.0	0.0	0.0	0.0	0.0	0.0	0.0	0.0	0.0	0.0	0.0	0.0	0.0	0.0	0.0	0.0	0.0	0.0	270.0	350.0	0.0	210.0	0.38	0.38	0.0	0.0
DD11	EN 10111:2008			Standard Specifications	General cold forming	Cold Rolled Steel		0.0	0.12	0.0	0.6	0.0	0.0	0.0	0.045	0.0	0.045	0.0	0.0	0.0	0.0	0.0	0.0	0.0	0.0	0.0	0.0	0.0	0.0	0.0	0.0	0.0	0.0	0.0	0.0	0.0	0.0	0.0	0.0	0.0	0.0	270.0	410.0	0.0	380.0	0.28	0.28	0.0	0.0
DX51D	EN 10346:2015			Standard Specifications	Galvanized steel for forming	Galvanized Steel	Hot-dip galvanized	0.0	0.12	0.0	0.6	0.0	0.0	0.0	0.045	0.0	0.12	0.0	0.0	0.0	0.0	0.0	0.0	0.0	0.0	0.0	0.0	0.0	0.0	0.0	0.0	0.01	0.01	0.0	0.0	0.0	0.0	0.0	0.0	0.0	0.0	270.0	500.0	0.0	350.0	0.22	0.22	0.0	0.0
DX52D	EN 10346:2015			Standard Specifications	Galvanized steel for deep drawing	Galvanized Steel	Hot-dip galvanized	0.0	0.1	0.0	0.45	0.0	0.0	0.0	0.035	0.0	0.1	0.0	0.0	0.0	0.0	0.0	0.0	0.0	0.0	0.0	0.0	0.0	0.0	0.0	0.0	0.01	0.01	0.0	0.0	0.0	0.0	0.0	0.0	0.0	0.0	270.0	420.0	0.0	300.0	0.26	0.26	0.0	0.0
DX53D	EN 10346:2015			Standard Specifications	Galvanized steel for extra deep drawing	Galvanized Steel	Hot-dip galvanized	0.0	0.08	0.0	0.4	0.0	0.0	0.0	0.03	0.0	0.08	0.0	0.0	0.0	0.0	0.0	0.0	0.0	0.0	0.0	0.0	0.0	0.0	0.0	0.0	0.01	0.01	0.0	0.0	0.0	0.0	0.0	0.0	0.0	0.0	270.0	380.0	0.0	260.0	0.3	0.3	0.0	0.0
S250GD	EN 10346:2015			Standard Specifications	Structural galvanized steel	Galvanized Steel	Hot-dip galvanized	0.0	0.25	0.0	1.2	0.0	0.0	0.0	0.045	0.0	0.12	0.0	0.0	0.0	0.0	0.0	0.0	0.0	0.0	0.0	0.0	0.0	0.0	0.0	0.0	0.01	0.01	0.0	0.0	0.0	0.0	0.0	0.0	0.0	0.0	330.0	510.0	250.0	250.0	0.19	0.19	0.0	0.0
S350GD	EN 10346:2015			Standard Specifications	High strength galvanized steel	Galvanized Steel	Hot-dip galvanized	0.0	0.25	0.0	1.5	0.0	0.0	0.0	0.045	0.0	0.12	0.0	0.0	0.0	0.0	0.0	0.0	0.0	0.0	0.0	0.0	0.0	0.0	0.0	0.0	0.01	0.01	0.0	0.0	0.0	0.0	0.0	0.0	0.0	0.0	420.0	580.0	350.0	350.0	0.16	0.16	0.0	0.0
DP600	Automotive specification			Standard Specifications	Automotive body panels, crash structures	Dual Phase Steel		0.06	0.12	1.5	2.5	0.1	0.5	0.0	0.015	0.0	0.08	0.0	0.4	0.0	0.0	0.0	0.2	0.0	0.0	0.0	0.0	0.0	0.0	0.0	0.0	0.02	0.07	0.0	0.0	0.0	0.0	0.0	0.0	0.0	0.0	590.0	710.0	340.0	340.0	0.3	0.3	0.0	0.0
DP780	Automotive specification			Standard Specifications	Automotive structural components	Dual Phase Steel		0.07	0.15	1.8	2.5	0.15	0.5	0.0	0.015	0.0	0.08	0.0	0.5	0.0	0.0	0.0	0.25	0.0	0.0	0.0	0.0	0.0	0.0	0.0	0.0	0.02	0.07	0.0	0.0	0.0	0.0	0.0	0.0	0.0	0.0	780.0	980.0	420.0	420.0	0.17	0.17	0.0	0.0
DP980	Automotive specification			Standard Specifications	Automotive safety components	Dual Phase Steel		0.1	0.17	2.0	2.8	0.2	0.6	0.0	0.015	0.0	0.08	0.0	0.6	0.0	0.0	0.0	0.3	0.0	0.0	0.0	0.0	0.0	0.0	0.0	0.0	0.02	0.07	0.0	0.0	0.0	0.0	0.0	0.0	0.0	0.0	980.0	1180.0	550.0	550.0	0.12	0.12	0.0	0.0
TRIP780	Automotive specification			Standard Specifications	Automotive crash energy absorption	TRIP Steel		0.15	0.25	1.5	2.0	1.2	1.8	0.0	0.015	0.0	0.08	0.0	0.0	0.0	0.0	0.0	0.0	0.0	0.0	0.0	0.0	0.0	0.0	0.0	0.0	0.02	0.07	0.0	0.0	0.0	0.0	0.0	0.0	0.0	0.0	780.0	980.0	350.0	350.0	0.26	0.26	0.0	0.0
CP800	Automotive specification			Standard Specifications	Automotive structural parts	Complex Phase Steel		0.08	0.15	1.5	2.5	0.3	0.8	0.0	0.015	0.0	0.08	0.0	0.0	0.0	0.0	0.0	0.0	0.0	0.0	0.0	0.0	0.0	0.0	0.0	0.0	0.02	0.07	0.01	0.05	0.015	0.05	0.0	0.0	0.0	0.0	800.0	950.0	500.0	500.0	0.12	0.12	0.0	0.0
HC420LA	Automotive specification			Standard Specifications	Automotive high strength low alloy	HSLA Steel		0.0	0.12	0.7	1.6	0.0	0.5	0.0	0.015	0.0	0.025	0.0	0.0	0.0	0.0	0.0	0.0	0.0	0.2	0.0	0.0	0.0	0.0	0.0	0.0	0.015	0.07	0.0	0.15	0.0	0.09	0.0	0.0	0.0	0.0	480.0	620.0	420.0	420.0	0.23	0.23	0.0	0.0
CR240LA	Automotive specification			Standard Specifications	Automotive cold rolled high strength	HSLA Steel		0.0	0.12	0.0	0.7	0.0	0.5	0.0	0.015	0.0	0.025	0.0	0.0	0.0	0.0	0.0	0.0	0.0	0.0	0.0	0.0	0.0	0.0	0.0	0.0	0.015	0.07	0.0	0.0	0.0	0.0	0.0	0.0	0.0	0.0	340.0	420.0	240.0	240.0	0.29	0.29	0.0	0.0
Hardox 400	SSAB specification	370-430 HB		Standard Specifications	Wear resistant steel	Wear Resistant Steel		0.0	0.32	0.0	1.6	0.0	0.7	0.0	0.01	0.0	0.025	0.0	1.4	0.0	1.5	0.0	0.6	0.0	0.0	0.0	0.0	0.0	0.0	0.0	0.0	0.0	0.0	0.0	0.0	0.0	0.0	0.0	0.005	0.0	0.0	1180.0	1400.0	1000.0	1000.0	0.0	0.0	0.0	0.0
Hardox 500	SSAB specification	470-530 HB		Standard Specifications	High wear resistant steel	Wear Resistant Steel		0.0	0.38	0.0	1.6	0.0	0.7	0.0	0.01	0.0	0.025	0.0	1.4	0.0	2.5	0.0	0.6	0.0	0.0	0.0	0.0	0.0	0.0	0.0	0.0	0.0	0.0	0.0	0.0	0.0	0.0	0.0	0.005	0.0	0.0	1400.0	1600.0	1300.0	1300.0	0.0	0.0	0.0	0.0
1.2379	EN ISO 4957:2018	60-62 HRC		Standard Specifications	Cold work tool steel	Tool Steel		1.45	1.7	0.0	0.6	0.0	0.6	0.0	0.03	0.0	0.03	11.0	13.0	0.0	0.0	0.7	1.2	0.7	1.2	0.0	0.0	0.0	0.0	0.0	0.0	0.0	0.0	0.0	0.0	0.0	0.0	0.0	0.0	0.0	0.0	2100.0	2400.0	0.0	0.0	0.0	0.0	0.0	0.0
1.2714	EN ISO 4957:2018	54-58 HRC		Standard Specifications	Shock resistant tool steel	Tool Steel		0.55	0.65	0.6	1.0	0.8	1.2	0.0	0.03	0.0	0.03	0.9	1.3	1.4	1.8	0.15	0.3	0.0	0.0	0.0	0.0	0.0	0.0	0.0	0.0	0.0	0.0	0.0	0.0	0.0	0.0	0.0	0.0	0.0	0.0	1800.0	2200.0	0.0	0.0	0.0	0.0	0.0	0.0
DC06	EN 10130:2006			Standard Specifications	Ultra deep drawing	Cold Rolled Steel		0.0	0.02	0.0	0.25	0.0	0.0	0.0	0.02	0.0	0.02	0.0	0.0	0.0	0.0	0.0	0.0	0.0	0.0	0.0	0.0	0.0	0.0	0.0	0.0	0.0	0.0	0.0	0.0	0.0	0.0	0.0	0.0	0.0	0.0	270.0	330.0	0.0	180.0	0.42	0.42	0.0	0.0
DD13	EN 10111:2008			Standard Specifications	Deep drawing quality	Cold Rolled Steel		0.0	0.08	0.0	0.4	0.0	0.0	0.0	0.03	0.0	0.03	0.0	0.0	0.0	0.0	0.0	0.0	0.0	0.0	0.0	0.0	0.0	0.0	0.0	0.0	0.0	0.0	0.0	0.0	0.0	0.0	0.0	0.0	0.0	0.0	270.0	350.0	0.0	280.0	0.38	0.38	0.0	0.0
DD14	EN 10111:2008			Standard Specifications	Extra deep drawing quality	Cold Rolled Steel		0.0	0.08	0.0	0.4	0.0	0.0	0.0	0.025	0.0	0.025	0.0	0.0	0.0	0.0	0.0	0.0	0.0	0.0	0.0	0.0	0.0	0.0	0.0	0.0	0.0	0.0	0.0	0.0	0.0	0.0	0.0	0.0	0.0	0.0	270.0	350.0	0.0	240.0	0.38	0.38	0.0	0.0
DX54	EN 10346:2015			Standard Specifications	Galvanized ultra deep drawing	Galvanized Steel	Hot-dip galvanized	0.0	0.06	0.0	0.35	0.0	0.0	0.0	0.025	0.0	0.06	0.0	0.0	0.0	0.0	0.0	0.0	0.0	0.0	0.0	0.0	0.0	0.0	0.0	0.0	0.01	0.01	0.0	0.0	0.0	0.0	0.0	0.0	0.0	0.0	270.0	350.0	0.0	220.0	0.36	0.36	0.0	0.0
S55GD	EN 10346:2015			Standard Specifications	High strength galvanized steel	Galvanized Steel	Hot-dip galvanized	0.0	0.25	0.0	1.6	0.0	0.0	0.0	0.045	0.0	0.12	0.0	0.0	0.0	0.0	0.0	0.0	0.0	0.0	0.0	0.0	0.0	0.0	0.0	0.0	0.01	0.01	0.0	0.0	0.0	0.0	0.0	0.0	0.0	0.0	500.0	680.0	550.0	550.0	0.12	0.12	0.0	0.0
S355	EN 10025-2:2019			Standard Specifications	General structural steel	Structural Steel		0.0	0.24	0.0	1.6	0.0	0.55	0.0	0.035	0.0	0.035	0.0	0.0	0.0	0.0	0.0	0.0	0.0	0.0	0.0	0.0	0.0	0.0	0.0	0.0	0.0	0.0	0.0	0.0	0.0	0.0	0.0	0.0	0.0	0.012	470.0	630.0	355.0	355.0	0.22	0.22	0.0	0.0
HC260	Automotive specification			Standard Specifications	Automotive high strength	HSLA Steel		0.0	0.1	0.4	0.8	0.0	0.5	0.0	0.015	0.0	0.025	0.0	0.0	0.0	0.0	0.0	0.0	0.0	0.0	0.0	0.0	0.0	0.0	0.0	0.0	0.015	0.07	0.0	0.0	0.0	0.0	0.0	0.0	0.0	0.0	350.0	450.0	260.0	260.0	0.27	0.27	0.0	0.0
HC700	Automotive specification			Standard Specifications	Automotive ultra high strength	UHSS Steel		0.0	0.18	1.2	2.0	0.0	0.6	0.0	0.015	0.0	0.025	0.0	0.0	0.0	0.0	0.0	0.0	0.0	0.2	0.0	0.0	0.0	0.0	0.0	0.0	0.015	0.07	0.0	0.15	0.0	0.09	0.0	0.0	0.0	0.0	750.0	950.0	700.0	700.0	0.12	0.12	0.0	0.0
HC660XD	Automotive specification			Standard Specifications	Automotive extra deep drawing high strength	HSLA Steel		0.0	0.18	1.0	2.0	0.0	0.6	0.0	0.015	0.0	0.025	0.0	0.0	0.0	0.0	0.0	0.0	0.0	0.0	0.0	0.0	0.0	0.0	0.0	0.0	0.015	0.07	0.0	0.0	0.0	0.0	0.0	0.0	0.0	0.0	700.0	900.0	660.0	660.0	0.14	0.14	0.0	0.0
CR3	Automotive specification			Standard Specifications	Cold rolled forming	Cold Rolled Steel		0.0	0.12	0.0	0.6	0.0	0.0	0.0	0.045	0.0	0.045	0.0	0.0	0.0	0.0	0.0	0.0	0.0	0.0	0.0	0.0	0.0	0.0	0.0	0.0	0.0	0.0	0.0	0.0	0.0	0.0	0.0	0.0	0.0	0.0	270.0	410.0	0.0	280.0	0.28	0.28	0.0	0.0
CR240	Automotive specification			Standard Specifications	Cold rolled high strength	HSLA Steel		0.0	0.12	0.0	0.7	0.0	0.5	0.0	0.015	0.0	0.025	0.0	0.0	0.0	0.0	0.0	0.0	0.0	0.0	0.0	0.0	0.0	0.0	0.0	0.0	0.0	0.0	0.0	0.0	0.0	0.0	0.0	0.0	0.0	0.0	340.0	420.0	240.0	240.0	0.29	0.29	0.0	0.0
CR340	Automotive specification			Standard Specifications	Cold rolled high strength	HSLA Steel		0.0	0.12	0.7	1.2	0.0	0.5	0.0	0.015	0.0	0.025	0.0	0.0	0.0	0.0	0.0	0.0	0.0	0.0	0.0	0.0	0.0	0.0	0.0	0.0	0.015	0.07	0.0	0.0	0.0	0.0	0.0	0.0	0.0	0.0	410.0	510.0	340.0	340.0	0.24	0.24	0.0	0.0
CR340LA	Automotive specification			Standard Specifications	Cold rolled high strength low alloy	HSLA Steel		0.0	0.12	0.7	1.2	0.0	0.5	0.0	0.015	0.0	0.025	0.0	0.0	0.0	0.0	0.0	0.0	0.0	0.0	0.0	0.0	0.0	0.0	0.0	0.0	0.015	0.07	0.0	0.0	0.0	0.0	0.0	0.0	0.0	0.0	410.0	510.0	340.0	340.0	0.26	0.26	0.0	0.0
1.2083	EN ISO 4957:2018	58-62 HRC		Standard Specifications	Corrosion resistant tool steel	Tool Steel		0.95	1.2	0.0	1.0	0.0	1.0	0.0	0.03	0.0	0.03	12.0	14.0	0.0	0.0	0.0	0.3	0.0	0.3	0.0	0.0	0.0	0.0	0.0	0.0	0.0	0.0	0.0	0.0	0.0	0.0	0.0	0.0	0.0	0.0	1900.0	2300.0	0.0	0.0	0.0	0.0	0.0	0.0
46SiCrMo6	EN 10083-3:2006	36-43 HRC		Standard Specifications	Quenched and tempered steel	Alloy Steel		0.42	0.5	0.5	0.8	1.2	1.6	0.0	0.035	0.0	0.025	0.9	1.2	0.0	0.0	0.15	0.3	0.0	0.0	0.0	0.0	0.0	0.0	0.0	0.0	0.0	0.0	0.0	0.0	0.0	0.0	0.0	0.0	0.0	0.0	1200.0	1400.0	900.0	900.0	0.1	0.1	0.0	0.0
304	ASTM A240; EN 10088-2:2014	≤200 HB		Standard Specifications	General purpose austenitic stainless steel	Stainless Steel		0.0	0.08	0.0	2.0	0.0	0.75	0.0	0.03	0.0	0.045	17.5	19.5	8.0	10.5	0.0	0.0	0.0	0.0	0.0	0.0	0.0	0.0	0.0	0.0	0.0	0.0	0.0	0.0	0.0	0.0	0.0	0.0	0.0	0.1	515.0	620.0	205.0	205.0	0.4	0.4	0.0	0.0
316	ASTM A240; EN 10088-2:2014	≤200 HB		Standard Specifications	Molybdenum bearing austenitic stainless steel	Stainless Steel		0.0	0.08	0.0	2.0	0.0	0.75	0.0	0.03	0.0	0.045	16.5	18.5	10.0	13.0	2.0	2.5	0.0	0.0	0.0	0.0	0.0	0.0	0.0	0.0	0.0	0.0	0.0	0.0	0.0	0.0	0.0	0.0	0.0	0.1	515.0	620.0	205.0	205.0	0.4	0.4	0.0	0.0
321	ASTM A240; EN 10088-2:2014	≤200 HB		Standard Specifications	Titanium stabilized austenitic stainless steel	Stainless Steel		0.0	0.08	0.0	2.0	0.0	0.75	0.0	0.03	0.0	0.045	17.0	19.0	9.0	12.0	0.0	0.0	0.0	0.0	0.0	0.0	0.0	0.0	0.0	0.0	0.0	0.0	0.0	0.7	0.0	0.0	0.0	0.0	0.0	0.1	515.0	620.0	205.0	205.0	0.4	0.4	0.0	0.0
430	ASTM A240; EN 10088-2:2014	≤200 HB		Standard Specifications	General purpose ferritic stainless steel	Stainless Steel		0.0	0.12	0.0	1.0	0.0	0.75	0.0	0.03	0.0	0.04	16.0	18.0	0.0	0.0	0.0	0.0	0.0	0.0	0.0	0.0	0.0	0.0	0.0	0.0	0.0	0.0	0.0	0.0	0.0	0.0	0.0	0.0	0.0	0.11	450.0	600.0	205.0	205.0	0.22	0.22	0.0	0.0
410	ASTM A240; EN 10088-3:2014	≤200 HB (annealed)		Standard Specifications	General purpose martensitic stainless steel	Stainless Steel		0.0	0.15	0.0	1.0	0.0	0.75	0.0	0.03	0.0	0.04	11.5	13.5	0.0	0.0	0.0	0.0	0.0	0.0	0.0	0.0	0.0	0.0	0.0	0.0	0.0	0.0	0.0	0.0	0.0	0.0	0.0	0.0	0.0	0.0	450.0	650.0	205.0	205.0	0.2	0.2	0.0	0.0
420	ASTM A240; EN 10088-3:2014	≤250 HB (annealed)		Standard Specifications	Hardenable martensitic stainless steel	Stainless Steel		0.15	0.15	0.0	1.0	0.0	1.0	0.0	0.03	0.0	0.04	12.0	14.0	0.0	0.0	0.0	0.0	0.0	0.0	0.0	0.0	0.0	0.0	0.0	0.0	0.0	0.0	0.0	0.0	0.0	0.0	0.0	0.0	0.0	0.0	700.0	850.0	400.0	400.0	0.15	0.15	0.0	0.0
17-4PH	ASTM A564; AMS 5643	35-45 HRC		Standard Specifications	Precipitation hardening stainless steel	Stainless Steel		0.0	0.07	0.0	1.0	0.0	1.0	0.0	0.03	0.0	0.04	15.0	17.5	3.0	5.0	0.0	0.0	0.0	0.0	0.0	0.0	0.0	0.0	3.0	5.0	0.0	0.0	0.0	0.0	0.15	0.45	0.0	0.0	0.0	0.0	1170.0	1310.0	1070.0	1070.0	0.1	0.1	0.0	0.0
2205	ASTM A240; EN 10088-2:2014	≤290 HB		Standard Specifications	Duplex stainless steel	Stainless Steel		0.0	0.03	0.0	2.0	0.0	1.0	0.0	0.02	0.0	0.03	21.0	23.0	4.5	6.5	2.5	3.5	0.0	0.0	0.0	0.0	0.0	0.0	0.0	0.0	0.0	0.0	0.0	0.0	0.0	0.0	0.0	0.0	0.08	0.2	620.0	880.0	450.0	450.0	0.25	0.25	0.0	0.0
1.2343	EN ISO 4957:2018	54-58 HRC		Standard Specifications	Hot work tool steel (H13 equivalent)	Tool Steel		0.37	0.42	0.3	0.5	0.8	1.2	0.0	0.03	0.0	0.03	4.8	5.5	0.0	0.0	1.1	1.5	0.8	1.2	0.0	0.0	0.0	0.0	0.0	0.0	0.0	0.0	0.0	0.0	0.0	0.0	0.0	0.0	0.0	0.0	1900.0	2300.0	0.0	0.0	0.0	0.0	0.0	0.0
42CrMo4	EN 10083-3:2006	32-39 HRC	≥35J at -20°C	Standard Specifications	Quenched and tempered alloy steel	Alloy Steel		0.38	0.45	0.6	0.9	0.0	0.4	0.0	0.035	0.0	0.025	0.9	1.2	0.0	0.0	0.15	0.3	0.0	0.0	0.0	0.0	0.0	0.0	0.0	0.0	0.0	0.0	0.0	0.0	0.0	0.0	0.0	0.0	0.0	0.0	1100.0	1300.0	900.0	900.0	0.1	0.1	0.0	0.0
42CrMo4+QT	EN 10083-3:2006	32-39 HRC	≥35J at -20°C	Standard Specifications	Quenched and tempered alloy steel	Alloy Steel		0.38	0.45	0.6	0.9	0.0	0.4	0.0	0.035	0.0	0.025	0.9	1.2	0.0	0.0	0.15	0.3	0.0	0.0	0.0	0.0	0.0	0.0	0.0	0.0	0.0	0.0	0.0	0.0	0.0	0.0	0.0	0.0	0.0	0.0	1100.0	1300.0	900.0	900.0	0.1	0.1	0.0	0.0
42CrMoS4	EN 10083-3:2006	32-39 HRC		Standard Specifications	Free machining quenched and tempered steel	Alloy Steel		0.38	0.45	0.6	0.9	0.0	0.4	0.02	0.04	0.0	0.025	0.9	1.2	0.0	0.0	0.15	0.3	0.0	0.0	0.0	0.0	0.0	0.0	0.0	0.0	0.0	0.0	0.0	0.0	0.0	0.0	0.0	0.0	0.0	0.0	1100.0	1300.0	900.0	900.0	0.1	0.1	0.0	0.0
34CrNiMo6+QT	EN 10083-3:2006	36-43 HRC	≥35J at -20°C	Standard Specifications	High strength quenched and tempered steel	Alloy Steel		0.3	0.38	0.5	0.8	0.0	0.4	0.0	0.035	0.0	0.025	1.3	1.7	1.3	1.7	0.15	0.3	0.0	0.0	0.0	0.0	0.0	0.0	0.0	0.0	0.0	0.0	0.0	0.0	0.0	0.0	0.0	0.0	0.0	0.0	1200.0	1400.0	1000.0	1000.0	0.1	0.1	0.0	0.0
22MnB5	EN 10083-3:2006	40-47 HRC		Standard Specifications	Press hardening steel for automotive	Press Hardening Steel		0.19	0.25	1.1	1.4	0.15	0.35	0.0	0.01	0.0	0.025	0.14	0.26	0.0	0.0	0.0	0.0	0.0	0.0	0.0	0.0	0.0	0.0	0.0	0.0	0.02	0.06	0.02	0.05	0.0	0.0	0.0008	0.005	0.0	0.0	1400.0	1650.0	1000.0	1000.0	0.05	0.05	0.0	0.0
26MnB5	Automotive specification	42-49 HRC		Standard Specifications	Press hardening steel for automotive	Press Hardening Steel		0.23	0.29	1.1	1.4	0.15	0.35	0.0	0.01	0.0	0.025	0.14	0.26	0.0	0.0	0.0	0.0	0.0	0.0	0.0	0.0	0.0	0.0	0.0	0.0	0.02	0.06	0.02	0.05	0.0	0.0	0.0008	0.005	0.0	0.0	1450.0	1700.0	1050.0	1050.0	0.05	0.05	0.0	0.0
26Mnb5	Automotive specification	42-49 HRC		Standard Specifications	Press hardening steel for automotive	Press Hardening Steel		0.23	0.29	1.1	1.4	0.15	0.35	0.0	0.01	0.0	0.025	0.14	0.26	0.0	0.0	0.0	0.0	0.0	0.0	0.0	0.0	0.0	0.0	0.0	0.0	0.02	0.06	0.02	0.05	0.0	0.0	0.0008	0.005	0.0	0.0	1450.0	1700.0	1050.0	1050.0	0.05	0.05	0.0	0.0
34MnB5	Automotive specification	45-52 HRC		Standard Specifications	Ultra high strength press hardening steel	Press Hardening Steel		0.3	0.37	1.15	1.45	0.15	0.35	0.0	0.01	0.0	0.025	0.14	0.26	0.0	0.0	0.0	0.0	0.0	0.0	0.0	0.0	0.0	0.0	0.0	0.0	0.02	0.06	0.02	0.05	0.0	0.0	0.0008	0.005	0.0	0.0	1500.0	1800.0	1100.0	1100.0	0.04	0.04	0.0	0.0
C45+C	EN 10083-2:2006	205-255 HB		Standard Specifications	Normalized carbon steel	Carbon Steel		0.42	0.5	0.5	0.8	0.0	0.4	0.0	0.045	0.0	0.045	0.0	0.0	0.0	0.0	0.0	0.0	0.0	0.0	0.0	0.0	0.0	0.0	0.0	0.0	0.0	0.0	0.0	0.0	0.0	0.0	0.0	0.0	0.0	0.0	700.0	850.0	490.0	490.0	0.14	0.14	0.0	0.0
C45R	EN 10083-2:2006	190-230 HB		Standard Specifications	Hot rolled carbon steel	Carbon Steel		0.42	0.5	0.5	0.8	0.0	0.4	0.0	0.045	0.0	0.045	0.0	0.0	0.0	0.0	0.0	0.0	0.0	0.0	0.0	0.0	0.0	0.0	0.0	0.0	0.0	0.0	0.0	0.0	0.0	0.0	0.0	0.0	0.0	0.0	630.0	780.0	430.0	430.0	0.16	0.16	0.0	0.0
C50	EN 10083-2:2006	205-255 HB		Standard Specifications	Medium carbon steel	Carbon Steel		0.47	0.55	0.6	0.9	0.0	0.4	0.0	0.045	0.0	0.045	0.0	0.0	0.0	0.0	0.0	0.0	0.0	0.0	0.0	0.0	0.0	0.0	0.0	0.0	0.0	0.0	0.0	0.0	0.0	0.0	0.0	0.0	0.0	0.0	700.0	850.0	490.0	490.0	0.14	0.14	0.0	0.0
C55	EN 10083-2:2006	205-255 HB		Standard Specifications	Medium carbon steel	Carbon Steel		0.52	0.6	0.6	0.9	0.0	0.4	0.0	0.045	0.0	0.045	0.0	0.0	0.0	0.0	0.0	0.0	0.0	0.0	0.0	0.0	0.0	0.0	0.0	0.0	0.0	0.0	0.0	0.0	0.0	0.0	0.0	0.0	0.0	0.0	700.0	850.0	490.0	490.0	0.14	0.14	0.0	0.0
C60	EN 10083-2:2006	220-260 HB		Standard Specifications	High carbon steel	Carbon Steel		0.57	0.65	0.6	0.9	0.0	0.4	0.0	0.045	0.0	0.045	0.0	0.0	0.0	0.0	0.0	0.0	0.0	0.0	0.0	0.0	0.0	0.0	0.0	0.0	0.0	0.0	0.0	0.0	0.0	0.0	0.0	0.0	0.0	0.0	750.0	900.0	520.0	520.0	0.12	0.12	0.0	0.0
C100	EN 10083-2:2006	255-300 HB		Standard Specifications	High carbon tool steel	Carbon Steel		0.95	1.05	0.3	0.6	0.15	0.35	0.0	0.045	0.0	0.045	0.0	0.0	0.0	0.0	0.0	0.0	0.0	0.0	0.0	0.0	0.0	0.0	0.0	0.0	0.0	0.0	0.0	0.0	0.0	0.0	0.0	0.0	0.0	0.0	850.0	1000.0	580.0	580.0	0.08	0.08	0.0	0.0
CR210IF	Automotive specification			Standard Specifications	Interstitial free automotive steel	IF Steel		0.0	0.005	0.0	0.3	0.0	0.1	0.0	0.015	0.0	0.02	0.0	0.0	0.0	0.0	0.0	0.0	0.0	0.0	0.0	0.0	0.0	0.0	0.0	0.0	0.02	0.1	0.0	0.15	0.0	0.09	0.0	0.0	0.0	0.0	270.0	350.0	210.0	210.0	0.34	0.34	0.0	0.0
CR180BH	Automotive specification			Standard Specifications	Bake hardening automotive steel	BH Steel		0.0	0.01	0.0	0.6	0.0	0.1	0.0	0.015	0.01	0.06	0.0	0.0	0.0	0.0	0.0	0.0	0.0	0.0	0.0	0.0	0.0	0.0	0.0	0.0	0.02	0.1	0.0	0.15	0.0	0.09	0.0	0.0	0.0	0.0	300.0	380.0	180.0	180.0	0.36	0.36	0.0	0.0
CR210	Automotive specification			Standard Specifications	Cold rolled automotive steel	Cold Rolled Steel		0.0	0.12	0.0	0.7	0.0	0.5	0.0	0.015	0.0	0.025	0.0	0.0	0.0	0.0	0.0	0.0	0.0	0.0	0.0	0.0	0.0	0.0	0.0	0.0	0.015	0.07	0.0	0.0	0.0	0.0	0.0	0.0	0.0	0.0	340.0	420.0	210.0	210.0	0.32	0.32	0.0	0.0
CR300LA	Automotive specification			Standard Specifications	Cold rolled high strength low alloy	HSLA Steel		0.0	0.12	0.7	1.2	0.0	0.5	0.0	0.015	0.0	0.025	0.0	0.0	0.0	0.0	0.0	0.0	0.0	0.0	0.0	0.0	0.0	0.0	0.0	0.0	0.015	0.07	0.0	0.0	0.0	0.0	0.0	0.0	0.0	0.0	380.0	480.0	300.0	300.0	0.27	0.27	0.0	0.0
CR380LA	Automotive specification			Standard Specifications	Cold rolled high strength low alloy	HSLA Steel		0.0	0.12	0.7	1.4	0.0	0.5	0.0	0.015	0.0	0.025	0.0	0.0	0.0	0.0	0.0	0.0	0.0	0.2	0.0	0.0	0.0	0.0	0.0	0.0	0.015	0.07	0.0	0.15	0.0	0.09	0.0	0.0	0.0	0.0	450.0	580.0	380.0	380.0	0.23	0.23	0.0	0.0
CR420LA	Automotive specification			Standard Specifications	Cold rolled high strength low alloy	HSLA Steel		0.0	0.12	0.7	1.6	0.0	0.5	0.0	0.015	0.0	0.025	0.0	0.0	0.0	0.0	0.0	0.0	0.0	0.2	0.0	0.0	0.0	0.0	0.0	0.0	0.015	0.07	0.0	0.15	0.0	0.09	0.0	0.0	0.0	0.0	480.0	620.0	420.0	420.0	0.21	0.21	0.0	0.0
CR460	Automotive specification			Standard Specifications	Cold rolled high strength	HSLA Steel		0.0	0.12	0.8	1.8	0.0	0.5	0.0	0.015	0.0	0.025	0.0	0.0	0.0	0.0	0.0	0.0	0.0	0.2	0.0	0.0	0.0	0.0	0.0	0.0	0.015	0.07	0.0	0.15	0.0	0.09	0.0	0.0	0.0	0.0	520.0	670.0	460.0	460.0	0.19	0.19	0.0	0.0
CR460LA	Automotive specification			Standard Specifications	Cold rolled high strength low alloy	HSLA Steel		0.0	0.12	0.8	1.8	0.0	0.5	0.0	0.015	0.0	0.025	0.0	0.0	0.0	0.0	0.0	0.0	0.0	0.2	0.0	0.0	0.0	0.0	0.0	0.0	0.015	0.07	0.0	0.15	0.0	0.09	0.0	0.0	0.0	0.0	520.0	670.0	460.0	460.0	0.21	0.21	0.0	0.0
CR440Y780T DP	Automotive specification			Standard Specifications	Dual phase automotive steel	Dual Phase Steel		0.06	0.15	1.5	2.5	0.1	0.5	0.0	0.015	0.0	0.08	0.0	0.4	0.0	0.0	0.0	0.2	0.0	0.0	0.0	0.0	0.0	0.0	0.0	0.0	0.02	0.07	0.0	0.0	0.0	0.0	0.0	0.0	0.0	0.0	780.0	980.0	440.0	440.0	0.14	0.14	0.0	0.0
CR440Y780T-DP	Automotive specification			Standard Specifications	Dual phase automotive steel	Dual Phase Steel		0.06	0.15	1.5	2.5	0.1	0.5	0.0	0.015	0.0	0.08	0.0	0.4	0.0	0.0	0.0	0.2	0.0	0.0	0.0	0.0	0.0	0.0	0.0	0.0	0.02	0.07	0.0	0.0	0.0	0.0	0.0	0.0	0.0	0.0	780.0	980.0	440.0	440.0	0.14	0.14	0.0	0.0
CR330Y590T	Automotive specification			Standard Specifications	Dual phase automotive steel	Dual Phase Steel		0.05	0.12	1.2	2.0	0.1	0.5	0.0	0.015	0.0	0.08	0.0	0.3	0.0	0.0	0.0	0.15	0.0	0.0	0.0	0.0	0.0	0.0	0.0	0.0	0.02	0.07	0.0	0.0	0.0	0.0	0.0	0.0	0.0	0.0	590.0	710.0	330.0	330.0	0.22	0.22	0.0	0.0
CR440Y780T	Automotive specification			Standard Specifications	Dual phase automotive steel	Dual Phase Steel		0.06	0.15	1.5	2.5	0.1	0.5	0.0	0.015	0.0	0.08	0.0	0.4	0.0	0.0	0.0	0.2	0.0	0.0	0.0	0.0	0.0	0.0	0.0	0.0	0.02	0.07	0.0	0.0	0.0	0.0	0.0	0.0	0.0	0.0	780.0	980.0	440.0	440.0	0.14	0.14	0.0	0.0
11SMn30	EN 10087:1999	150-200 HB		Standard Specifications	Free machining steel	Free Machining Steel		0.08	0.15	0.9	1.3	0.0	0.05	0.27	0.33	0.0	0.11	0.0	0.0	0.0	0.0	0.0	0.0	0.0	0.0	0.0	0.0	0.0	0.0	0.0	0.0	0.0	0.0	0.0	0.0	0.0	0.0	0.0	0.0	0.0	0.0	500.0	700.0	320.0	320.0	0.1	0.1	0.0	0.0
16MnCrS5	EN 10084:2008	58-64 HRC (case)		Standard Specifications	Case hardening steel	Case Hardening Steel		0.14	0.19	1.0	1.3	0.0	0.4	0.02	0.04	0.0	0.035	0.8	1.1	0.0	0.0	0.0	0.0	0.0	0.0	0.0	0.0	0.0	0.0	0.0	0.0	0.0	0.0	0.0	0.0	0.0	0.0	0.0	0.0	0.0	0.0	900.0	1200.0	650.0	650.0	0.1	0.1	0.0	0.0
16Mo3	EN 10028-2:2017		≥27J at 20°C	Standard Specifications	Pressure vessel steel	Pressure Vessel Steel		0.12	0.2	0.4	0.9	0.15	0.5	0.0	0.01	0.0	0.025	0.0	0.3	0.0	0.0	0.25	0.35	0.0	0.0	0.0	0.0	0.0	0.0	0.0	0.0	0.0	0.0	0.0	0.0	0.0	0.0	0.0	0.0	0.0	0.0	450.0	600.0	275.0	275.0	0.22	0.22	0.0	0.0
CR4	Automotive specification			Standard Specifications	Cold rolled forming steel	Cold Rolled Steel		0.0	0.12	0.0	0.6	0.0	0.0	0.0	0.045	0.0	0.045	0.0	0.0	0.0	0.0	0.0	0.0	0.0	0.0	0.0	0.0	0.0	0.0	0.0	0.0	0.0	0.0	0.0	0.0	0.0	0.0	0.0	0.0	0.0	0.0	270.0	410.0	0.0	280.0	0.28	0.28	0.0	0.0
S235	EN 10025-2:2019			Standard Specifications	General structural steel	Structural Steel		0.0	0.17	0.0	1.4	0.0	0.4	0.0	0.035	0.0	0.035	0.0	0.0	0.0	0.0	0.0	0.0	0.0	0.0	0.0	0.0	0.0	0.0	0.0	0.0	0.0	0.0	0.0	0.0	0.0	0.0	0.0	0.0	0.0	0.012	360.0	510.0	235.0	235.0	0.26	0.26	0.0	0.0
S275	EN 10025-2:2019			Standard Specifications	General structural steel	Structural Steel		0.0	0.21	0.0	1.5	0.0	0.4	0.0	0.035	0.0	0.035	0.0	0.0	0.0	0.0	0.0	0.0	0.0	0.0	0.0	0.0	0.0	0.0	0.0	0.0	0.0	0.0	0.0	0.0	0.0	0.0	0.0	0.0	0.0	0.012	410.0	560.0	275.0	275.0	0.23	0.23	0.0	0.0
S355J2	EN 10025-2:2019		27J at -20°C	Standard Specifications	Structural steel with improved impact properties	Structural Steel		0.0	0.2	0.0	1.6	0.0	0.55	0.0	0.03	0.0	0.03	0.0	0.0	0.0	0.0	0.0	0.0	0.0	0.0	0.0	0.0	0.0	0.0	0.0	0.0	0.0	0.0	0.0	0.0	0.0	0.0	0.0	0.0	0.0	0.012	470.0	630.0	355.0	355.0	0.22	0.22	0.0	0.0
S355J2+N	EN 10025-2:2019		27J at -20°C	Standard Specifications	Normalized structural steel	Structural Steel		0.0	0.2	0.0	1.6	0.0	0.55	0.0	0.03	0.0	0.03	0.0	0.0	0.0	0.0	0.0	0.0	0.0	0.0	0.0	0.0	0.0	0.0	0.0	0.0	0.0	0.0	0.0	0.0	0.0	0.0	0.0	0.0	0.0	0.012	470.0	630.0	355.0	355.0	0.22	0.22	0.0	0.0
S420	EN 10025-3:2019			Standard Specifications	High strength structural steel	High Strength Steel		0.0	0.2	1.0	1.7	0.0	0.5	0.0	0.025	0.0	0.03	0.0	0.3	0.0	0.5	0.0	0.1	0.0	0.0	0.0	0.0	0.0	0.0	0.0	0.0	0.0	0.0	0.0	0.0	0.0	0.0	0.0	0.0	0.0	0.0	520.0	680.0	420.0	420.0	0.19	0.19	0.0	0.0
S460	EN 10025-3:2019			Standard Specifications	High strength structural steel	High Strength Steel		0.0	0.2	1.0	1.7	0.0	0.5	0.0	0.025	0.0	0.03	0.0	0.3	0.0	0.5	0.0	0.1	0.0	0.0	0.0	0.0	0.0	0.0	0.0	0.0	0.0	0.0	0.0	0.0	0.0	0.0	0.0	0.0	0.0	0.0	540.0	720.0	460.0	460.0	0.17	0.17	0.0	0.0
S420MC	EN 10149-2:2013			Standard Specifications	Cold forming microalloyed steel	Microalloyed Steel		0.0	0.12	0.0	1.6	0.0	0.5	0.0	0.015	0.0	0.025	0.0	0.0	0.0	0.0	0.0	0.0	0.0	0.2	0.0	0.0	0.0	0.0	0.0	0.0	0.015	0.015	0.0	0.15	0.0	0.09	0.0	0.0	0.0	0.0	480.0	620.0	420.0	420.0	0.19	0.19	0.0	0.22
S460MC	EN 10149-2:2013			Standard Specifications	Cold forming microalloyed steel	Microalloyed Steel		0.0	0.12	0.0	1.7	0.0	0.5	0.0	0.015	0.0	0.025	0.0	0.0	0.0	0.0	0.0	0.0	0.0	0.2	0.0	0.0	0.0	0.0	0.0	0.0	0.015	0.015	0.0	0.15	0.0	0.09	0.0	0.0	0.0	0.0	520.0	670.0	460.0	460.0	0.17	0.17	0.0	0.22
S550MC	EN 10149-2:2013			Standard Specifications	Cold forming microalloyed steel	Microalloyed Steel		0.0	0.12	0.0	1.8	0.0	0.5	0.0	0.015	0.0	0.025	0.0	0.0	0.0	0.0	0.0	0.0	0.0	0.2	0.0	0.0	0.0	0.0	0.0	0.0	0.015	0.015	0.0	0.15	0.0	0.09	0.0	0.0	0.0	0.0	600.0	760.0	550.0	550.0	0.15	0.15	0.0	0.22
S600MC	EN 10149-2:2013			Standard Specifications	Cold forming microalloyed steel	Microalloyed Steel		0.0	0.12	0.0	1.9	0.0	0.5	0.0	0.015	0.0	0.025	0.0	0.0	0.0	0.0	0.0	0.0	0.0	0.2	0.0	0.0	0.0	0.0	0.0	0.0	0.015	0.015	0.0	0.15	0.0	0.09	0.0	0.0	0.0	0.0	650.0	820.0	600.0	600.0	0.13	0.13	0.0	0.22
S650MC	EN 10149-2:2013			Standard Specifications	Cold forming microalloyed steel	Microalloyed Steel		0.0	0.12	0.0	2.0	0.0	0.6	0.0	0.015	0.0	0.025	0.0	0.0	0.0	0.0	0.0	0.0	0.0	0.2	0.0	0.0	0.0	0.0	0.0	0.0	0.015	0.015	0.0	0.15	0.0	0.09	0.0	0.0	0.0	0.0	700.0	880.0	650.0	650.0	0.12	0.12	0.0	0.22
S220GD	EN 10346:2015			Standard Specifications	Structural galvanized steel	Galvanized Steel	Hot-dip galvanized	0.0	0.13	0.0	0.6	0.0	0.0	0.0	0.045	0.0	0.1	0.0	0.0	0.0	0.0	0.0	0.0	0.0	0.0	0.0	0.0	0.0	0.0	0.0	0.0	0.01	0.01	0.0	0.0	0.0	0.0	0.0	0.0	0.0	0.0	300.0	480.0	220.0	220.0	0.2	0.2	0.0	0.0
S280GD	EN 10346:2015			Standard Specifications	Structural galvanized steel	Galvanized Steel	Hot-dip galvanized	0.0	0.2	0.0	0.9	0.0	0.0	0.0	0.045	0.0	0.1	0.0	0.0	0.0	0.0	0.0	0.0	0.0	0.0	0.0	0.0	0.0	0.0	0.0	0.0	0.01	0.01	0.0	0.0	0.0	0.0	0.0	0.0	0.0	0.0	360.0	510.0	280.0	280.0	0.18	0.18	0.0	0.0
S320GD	EN 10346:2015			Standard Specifications	Structural galvanized steel	Galvanized Steel	Hot-dip galvanized	0.0	0.2	0.0	1.2	0.0	0.0	0.0	0.045	0.0	0.1	0.0	0.0	0.0	0.0	0.0	0.0	0.0	0.0	0.0	0.0	0.0	0.0	0.0	0.0	0.01	0.01	0.0	0.0	0.0	0.0	0.0	0.0	0.0	0.0	390.0	540.0	320.0	320.0	0.17	0.17	0.0	0.0
S450GD	EN 10346:2015			Standard Specifications	High strength galvanized steel	Galvanized Steel	Hot-dip galvanized	0.0	0.25	0.0	1.6	0.0	0.0	0.0	0.045	0.0	0.12	0.0	0.0	0.0	0.0	0.0	0.0	0.0	0.0	0.0	0.0	0.0	0.0	0.0	0.0	0.01	0.01	0.0	0.0	0.0	0.0	0.0	0.0	0.0	0.0	520.0	670.0	450.0	450.0	0.14	0.14	0.0	0.0
S550GD	EN 10346:2015			Standard Specifications	High strength galvanized steel	Galvanized Steel	Hot-dip galvanized	0.0	0.25	0.0	1.6	0.0	0.0	0.0	0.045	0.0	0.12	0.0	0.0	0.0	0.0	0.0	0.0	0.0	0.0	0.0	0.0	0.0	0.0	0.0	0.0	0.01	0.01	0.0	0.0	0.0	0.0	0.0	0.0	0.0	0.0	600.0	760.0	550.0	550.0	0.0	0.12	0.0	0.0
DC02	EN 10130:2006			Standard Specifications	Cold rolled drawing quality	Cold Rolled Steel		0.0	0.1	0.0	0.45	0.0	0.0	0.0	0.035	0.0	0.035	0.0	0.0	0.0	0.0	0.0	0.0	0.0	0.0	0.0	0.0	0.0	0.0	0.0	0.0	0.0	0.0	0.0	0.0	0.0	0.0	0.0	0.0	0.0	0.0	270.0	380.0	0.0	240.0	0.32	0.32	0.0	0.0
DC05	EN 10130:2006			Standard Specifications	Extra deep drawing quality	Cold Rolled Steel		0.0	0.06	0.0	0.35	0.0	0.0	0.0	0.025	0.0	0.025	0.0	0.0	0.0	0.0	0.0	0.0	0.0	0.0	0.0	0.0	0.0	0.0	0.0	0.0	0.0	0.0	0.0	0.0	0.0	0.0	0.0	0.0	0.0	0.0	270.0	330.0	0.0	180.0	0.4	0.4	0.0	0.0
DD12	EN 10111:2008			Standard Specifications	Drawing quality steel	Cold Rolled Steel		0.0	0.1	0.0	0.45	0.0	0.0	0.0	0.035	0.0	0.035	0.0	0.0	0.0	0.0	0.0	0.0	0.0	0.0	0.0	0.0	0.0	0.0	0.0	0.0	0.0	0.0	0.0	0.0	0.0	0.0	0.0	0.0	0.0	0.0	270.0	410.0	0.0	280.0	0.28	0.28	0.0	0.0
P265GH	EN 10028-2:2017		≥27J at 20°C	Standard Specifications	Pressure vessel steel	Pressure Vessel Steel		0.0	0.2	0.8	1.4	0.0	0.4	0.0	0.01	0.0	0.025	0.0	0.3	0.0	0.3	0.0	0.08	0.0	0.02	0.0	0.0	0.0	0.0	0.0	0.0	0.02	0.02	0.0	0.0	0.0	0.05	0.0	0.0	0.0	0.012	410.0	570.0	265.0	265.0	0.22	0.22	0.0	0.0
DP800	Automotive specification			Standard Specifications	Dual phase automotive steel	Dual Phase Steel		0.08	0.15	1.8	2.5	0.15	0.5	0.0	0.015	0.0	0.08	0.0	0.5	0.0	0.0	0.0	0.25	0.0	0.0	0.0	0.0	0.0	0.0	0.0	0.0	0.02	0.07	0.0	0.0	0.0	0.0	0.0	0.0	0.0	0.0	800.0	1000.0	450.0	450.0	0.14	0.14	0.0	0.0
Hardox 450	SSAB specification	425-475 HB		Standard Specifications	Wear resistant steel	Wear Resistant Steel		0.0	0.35	0.0	1.6	0.0	0.7	0.0	0.01	0.0	0.025	0.0	1.4	0.0	2.0	0.0	0.6	0.0	0.0	0.0	0.0	0.0	0.0	0.0	0.0	0.0	0.0	0.0	0.0	0.0	0.0	0.0	0.005	0.0	0.0	1250.0	1550.0	1200.0	1200.0	0.0	0.0	0.0	0.0
S235JRG2	EN 10025-2:2019		27J at 20°C	Standard Specifications	General structural steel with guaranteed impact properties	Structural Steel		0.0	0.17	0.0	1.4	0.0	0.4	0.0	0.035	0.0	0.035	0.0	0.0	0.0	0.0	0.0	0.0	0.0	0.0	0.0	0.0	0.0	0.0	0.0	0.0	0.0	0.0	0.0	0.0	0.0	0.0	0.0	0.0	0.0	0.012	360.0	510.0	235.0	235.0	0.26	0.26	0.0	0.0
S280	EN 10025-2:2019			Standard Specifications	Structural steel	Structural Steel		0.0	0.21	0.0	1.5	0.0	0.4	0.0	0.035	0.0	0.035	0.0	0.0	0.0	0.0	0.0	0.0	0.0	0.0	0.0	0.0	0.0	0.0	0.0	0.0	0.0	0.0	0.0	0.0	0.0	0.0	0.0	0.0	0.0	0.0	410.0	560.0	280.0	280.0	0.23	0.23	0.0	0.0
S350	EN 10025-2:2019			Standard Specifications	Structural steel	Structural Steel		0.0	0.23	0.0	1.6	0.0	0.55	0.0	0.035	0.0	0.035	0.0	0.0	0.0	0.0	0.0	0.0	0.0	0.0	0.0	0.0	0.0	0.0	0.0	0.0	0.0	0.0	0.0	0.0	0.0	0.0	0.0	0.0	0.0	0.0	470.0	630.0	350.0	350.0	0.22	0.22	0.0	0.0
S450	EN 10025-3:2019			Standard Specifications	High strength structural steel	High Strength Steel		0.0	0.2	1.0	1.7	0.0	0.5	0.0	0.025	0.0	0.03	0.0	0.0	0.0	0.0	0.0	0.0	0.0	0.0	0.0	0.0	0.0	0.0	0.0	0.0	0.0	0.0	0.0	0.0	0.0	0.0	0.0	0.0	0.0	0.0	550.0	720.0	450.0	450.0	0.17	0.17	0.0	0.0
S500	EN 10025-3:2019			Standard Specifications	High strength structural steel	High Strength Steel		0.0	0.2	1.0	1.7	0.0	0.5	0.0	0.025	0.0	0.03	0.0	0.0	0.0	0.0	0.0	0.0	0.0	0.0	0.0	0.0	0.0	0.0	0.0	0.0	0.0	0.0	0.0	0.0	0.0	0.0	0.0	0.0	0.0	0.0	590.0	770.0	500.0	500.0	0.16	0.16	0.0	0.0
S550	EN 10025-3:2019			Standard Specifications	High strength structural steel	High Strength Steel		0.0	0.2	1.0	1.7	0.0	0.5	0.0	0.025	0.0	0.03	0.0	0.0	0.0	0.0	0.0	0.0	0.0	0.0	0.0	0.0	0.0	0.0	0.0	0.0	0.0	0.0	0.0	0.0	0.0	0.0	0.0	0.0	0.0	0.0	640.0	820.0	550.0	550.0	0.15	0.15	0.0	0.0
S260MC	EN 10149-2:2013			Standard Specifications	Cold forming microalloyed steel	Microalloyed Steel		0.0	0.12	0.0	1.3	0.0	0.5	0.0	0.015	0.0	0.025	0.0	0.0	0.0	0.0	0.0	0.0	0.0	0.2	0.0	0.0	0.0	0.0	0.0	0.0	0.015	0.015	0.0	0.15	0.0	0.09	0.0	0.0	0.0	0.0	350.0	430.0	260.0	260.0	0.27	0.27	0.0	0.0
S315MC	EN 10149-2:2013			Standard Specifications	Cold forming microalloyed steel	Microalloyed Steel		0.0	0.12	0.0	1.4	0.0	0.5	0.0	0.015	0.0	0.025	0.0	0.0	0.0	0.0	0.0	0.0	0.0	0.2	0.0	0.0	0.0	0.0	0.0	0.0	0.015	0.015	0.0	0.15	0.0	0.09	0.0	0.0	0.0	0.0	390.0	510.0	315.0	315.0	0.24	0.24	0.0	0.0
S320MC	EN 10149-2:2013			Standard Specifications	Cold forming microalloyed steel	Microalloyed Steel		0.0	0.12	0.0	1.4	0.0	0.5	0.0	0.015	0.0	0.025	0.0	0.0	0.0	0.0	0.0	0.0	0.0	0.2	0.0	0.0	0.0	0.0	0.0	0.0	0.015	0.015	0.0	0.15	0.0	0.09	0.0	0.0	0.0	0.0	400.0	520.0	320.0	320.0	0.23	0.23	0.0	0.0
S355MC	EN 10149-2:2013			Standard Specifications	Cold forming microalloyed steel	Microalloyed Steel		0.0	0.12	0.0	1.5	0.0	0.5	0.0	0.015	0.0	0.025	0.0	0.0	0.0	0.0	0.0	0.0	0.0	0.2	0.0	0.0	0.0	0.0	0.0	0.0	0.015	0.015	0.0	0.15	0.0	0.09	0.0	0.0	0.0	0.0	430.0	550.0	355.0	355.0	0.22	0.22	0.0	0.0
S380MC	EN 10149-2:2013			Standard Specifications	Cold forming microalloyed steel	Microalloyed Steel		0.0	0.12	0.0	1.5	0.0	0.5	0.0	0.015	0.0	0.025	0.0	0.0	0.0	0.0	0.0	0.0	0.0	0.2	0.0	0.0	0.0	0.0	0.0	0.0	0.015	0.015	0.0	0.15	0.0	0.09	0.0	0.0	0.0	0.0	450.0	590.0	380.0	380.0	0.21	0.21	0.0	0.0
S350G	EN 10346:2015			Standard Specifications	Galvanized structural steel	Galvanized Steel	Hot-dip galvanized	0.0	0.25	0.0	1.5	0.0	0.0	0.0	0.045	0.0	0.12	0.0	0.0	0.0	0.0	0.0	0.0	0.0	0.0	0.0	0.0	0.0	0.0	0.0	0.0	0.01	0.01	0.0	0.0	0.0	0.0	0.0	0.0	0.0	0.0	420.0	580.0	350.0	350.0	0.16	0.16	0.0	0.0
DX51	EN 10346:2015			Standard Specifications	Galvanized steel for forming	Galvanized Steel	Hot-dip galvanized	0.0	0.12	0.0	0.6	0.0	0.0	0.0	0.045	0.0	0.12	0.0	0.0	0.0	0.0	0.0	0.0	0.0	0.0	0.0	0.0	0.0	0.0	0.0	0.0	0.01	0.01	0.0	0.0	0.0	0.0	0.0	0.0	0.0	0.0	270.0	500.0	0.0	350.0	0.22	0.22	0.0	0.0
DX52	EN 10346:2015			Standard Specifications	Galvanized steel for deep drawing	Galvanized Steel	Hot-dip galvanized	0.0	0.1	0.0	0.45	0.0	0.0	0.0	0.035	0.0	0.1	0.0	0.0	0.0	0.0	0.0	0.0	0.0	0.0	0.0	0.0	0.0	0.0	0.0	0.0	0.01	0.01	0.0	0.0	0.0	0.0	0.0	0.0	0.0	0.0	270.0	420.0	0.0	300.0	0.26	0.26	0.0	0.0
DX53	EN 10346:2015			Standard Specifications	Galvanized steel for extra deep drawing	Galvanized Steel	Hot-dip galvanized	0.0	0.08	0.0	0.4	0.0	0.0	0.0	0.03	0.0	0.08	0.0	0.0	0.0	0.0	0.0	0.0	0.0	0.0	0.0	0.0	0.0	0.0	0.0	0.0	0.01	0.01	0.0	0.0	0.0	0.0	0.0	0.0	0.0	0.0	270.0	380.0	0.0	260.0	0.3	0.3	0.0	0.0
DX54D	EN 10346:2015			Standard Specifications	Galvanized ultra deep drawing	Galvanized Steel	Hot-dip galvanized	0.0	0.06	0.0	0.35	0.0	0.0	0.0	0.025	0.0	0.06	0.0	0.0	0.0	0.0	0.0	0.0	0.0	0.0	0.0	0.0	0.0	0.0	0.0	0.0	0.01	0.01	0.0	0.0	0.0	0.0	0.0	0.0	0.0	0.0	270.0	350.0	0.0	220.0	0.36	0.36	0.0	0.0
DX55	EN 10346:2015			Standard Specifications	Galvanized ultra deep drawing	Galvanized Steel	Hot-dip galvanized	0.0	0.04	0.0	0.3	0.0	0.0	0.0	0.02	0.0	0.04	0.0	0.0	0.0	0.0	0.0	0.0	0.0	0.0	0.0	0.0	0.0	0.0	0.0	0.0	0.01	0.01	0.0	0.0	0.0	0.0	0.0	0.0	0.0	0.0	270.0	330.0	0.0	200.0	0.38	0.38	0.0	0.0
DX56	EN 10346:2015			Standard Specifications	Galvanized ultra deep drawing	Galvanized Steel	Hot-dip galvanized	0.0	0.02	0.0	0.25	0.0	0.0	0.0	0.015	0.0	0.02	0.0	0.0	0.0	0.0	0.0	0.0	0.0	0.0	0.0	0.0	0.0	0.0	0.0	0.0	0.01	0.01	0.0	0.0	0.0	0.0	0.0	0.0	0.0	0.0	270.0	310.0	0.0	180.0	0.4	0.4	0.0	0.0
DX56D	EN 10346:2015			Standard Specifications	Galvanized ultra deep drawing	Galvanized Steel	Hot-dip galvanized	0.0	0.02	0.0	0.25	0.0	0.0	0.0	0.015	0.0	0.02	0.0	0.0	0.0	0.0	0.0	0.0	0.0	0.0	0.0	0.0	0.0	0.0	0.0	0.0	0.01	0.01	0.0	0.0	0.0	0.0	0.0	0.0	0.0	0.0	270.0	310.0	0.0	180.0	0.4	0.4	0.0	0.0
DC01AM	Automotive specification			Standard Specifications	Cold rolled steel with anti-fingerprint coating	Cold Rolled Steel		0.0	0.12	0.0	0.6	0.0	0.0	0.0	0.045	0.0	0.045	0.0	0.0	0.0	0.0	0.0	0.0	0.0	0.0	0.0	0.0	0.0	0.0	0.0	0.0	0.0	0.0	0.0	0.0	0.0	0.0	0.0	0.0	0.0	0.0	270.0	410.0	0.0	280.0	0.28	0.28	0.0	0.0
DC01ED	Automotive specification			Standard Specifications	Cold rolled steel with electro-deposition treatment	Cold Rolled Steel		0.0	0.12	0.0	0.6	0.0	0.0	0.0	0.045	0.0	0.045	0.0	0.0	0.0	0.0	0.0	0.0	0.0	0.0	0.0	0.0	0.0	0.0	0.0	0.0	0.0	0.0	0.0	0.0	0.0	0.0	0.0	0.0	0.0	0.0	270.0	410.0	0.0	280.0	0.28	0.28	0.0	0.0
DC01EK	Automotive specification			Standard Specifications	Cold rolled steel with electrolytic coating	Cold Rolled Steel		0.0	0.12	0.0	0.6	0.0	0.0	0.0	0.045	0.0	0.045	0.0	0.0	0.0	0.0	0.0	0.0	0.0	0.0	0.0	0.0	0.0	0.0	0.0	0.0	0.0	0.0	0.0	0.0	0.0	0.0	0.0	0.0	0.0	0.0	270.0	410.0	0.0	280.0	0.28	0.28	0.0	0.0
DC03ED	Automotive specification			Standard Specifications	Deep drawing steel with electro-deposition treatment	Cold Rolled Steel		0.0	0.1	0.0	0.45	0.0	0.0	0.0	0.03	0.0	0.03	0.0	0.0	0.0	0.0	0.0	0.0	0.0	0.0	0.0	0.0	0.0	0.0	0.0	0.0	0.0	0.0	0.0	0.0	0.0	0.0	0.0	0.0	0.0	0.0	270.0	370.0	0.0	210.0	0.34	0.34	0.0	0.0
DC03EK	Automotive specification			Standard Specifications	Deep drawing steel with electrolytic coating	Cold Rolled Steel		0.0	0.1	0.0	0.45	0.0	0.0	0.0	0.03	0.0	0.03	0.0	0.0	0.0	0.0	0.0	0.0	0.0	0.0	0.0	0.0	0.0	0.0	0.0	0.0	0.0	0.0	0.0	0.0	0.0	0.0	0.0	0.0	0.0	0.0	270.0	370.0	0.0	210.0	0.34	0.34	0.0	0.0
EK	Automotive specification			Standard Specifications	Electrolytic coating steel	Cold Rolled Steel		0.0	0.12	0.0	0.6	0.0	0.0	0.0	0.045	0.0	0.045	0.0	0.0	0.0	0.0	0.0	0.0	0.0	0.0	0.0	0.0	0.0	0.0	0.0	0.0	0.0	0.0	0.0	0.0	0.0	0.0	0.0	0.0	0.0	0.0	270.0	410.0	0.0	280.0	0.28	0.28	0.0	0.0
HC180	Automotive specification			Standard Specifications	Automotive high strength low alloy	HSLA Steel		0.0	0.1	0.0	0.5	0.0	0.5	0.0	0.015	0.0	0.025	0.0	0.0	0.0	0.0	0.0	0.0	0.0	0.0	0.0	0.0	0.0	0.0	0.0	0.0	0.015	0.07	0.0	0.0	0.0	0.0	0.0	0.0	0.0	0.0	300.0	380.0	180.0	180.0	0.34	0.34	0.0	0.0
HC220B	Automotive specification			Standard Specifications	Bake hardening automotive steel	BH Steel		0.0	0.01	0.0	0.6	0.0	0.1	0.0	0.015	0.01	0.06	0.0	0.0	0.0	0.0	0.0	0.0	0.0	0.0	0.0	0.0	0.0	0.0	0.0	0.0	0.02	0.1	0.0	0.0	0.0	0.0	0.0	0.0	0.0	0.0	340.0	420.0	220.0	220.0	0.32	0.32	0.0	0.0
HC260LA	Automotive specification			Standard Specifications	Automotive high strength low alloy	HSLA Steel		0.0	0.1	0.4	0.8	0.0	0.5	0.0	0.015	0.0	0.025	0.0	0.0	0.0	0.0	0.0	0.0	0.0	0.0	0.0	0.0	0.0	0.0	0.0	0.0	0.015	0.07	0.0	0.0	0.0	0.0	0.0	0.0	0.0	0.0	350.0	450.0	260.0	260.0	0.29	0.29	0.0	0.0
HC260LAD	Automotive specification			Standard Specifications	Automotive HSLA with improved drawability	HSLA Steel		0.0	0.1	0.4	0.8	0.0	0.5	0.0	0.015	0.0	0.025	0.0	0.0	0.0	0.0	0.0	0.0	0.0	0.0	0.0	0.0	0.0	0.0	0.0	0.0	0.015	0.07	0.0	0.0	0.0	0.0	0.0	0.0	0.0	0.0	350.0	450.0	260.0	260.0	0.31	0.31	0.0	0.0
HC260Y	Automotive specification			Standard Specifications	Automotive high yield strength steel	HSLA Steel		0.0	0.1	0.4	0.8	0.0	0.5	0.0	0.015	0.0	0.025	0.0	0.0	0.0	0.0	0.0	0.0	0.0	0.0	0.0	0.0	0.0	0.0	0.0	0.0	0.015	0.07	0.0	0.0	0.0	0.0	0.0	0.0	0.0	0.0	350.0	450.0	260.0	260.0	0.27	0.27	0.0	0.0
HC300	Automotive specification			Standard Specifications	Automotive high strength steel	HSLA Steel		0.0	0.12	0.6	1.0	0.0	0.5	0.0	0.015	0.0	0.025	0.0	0.0	0.0	0.0	0.0	0.0	0.0	0.0	0.0	0.0	0.0	0.0	0.0	0.0	0.015	0.07	0.0	0.0	0.0	0.0	0.0	0.0	0.0	0.0	380.0	480.0	300.0	300.0	0.25	0.25	0.0	0.0
HC340	Automotive specification			Standard Specifications	Automotive high strength steel	HSLA Steel		0.0	0.12	0.7	1.2	0.0	0.5	0.0	0.015	0.0	0.025	0.0	0.0	0.0	0.0	0.0	0.0	0.0	0.0	0.0	0.0	0.0	0.0	0.0	0.0	0.015	0.07	0.0	0.0	0.0	0.0	0.0	0.0	0.0	0.0	410.0	510.0	340.0	340.0	0.24	0.24	0.0	0.0
HC340LA	Automotive specification			Standard Specifications	Automotive high strength low alloy	HSLA Steel		0.0	0.12	0.7	1.2	0.0	0.5	0.0	0.015	0.0	0.025	0.0	0.0	0.0	0.0	0.0	0.0	0.0	0.0	0.0	0.0	0.0	0.0	0.0	0.0	0.015	0.07	0.0	0.0	0.0	0.0	0.0	0.0	0.0	0.0	410.0	510.0	340.0	340.0	0.26	0.26	0.0	0.0
HC380LA	Automotive specification			Standard Specifications	Automotive high strength low alloy	HSLA Steel		0.0	0.12	0.7	1.4	0.0	0.5	0.0	0.015	0.0	0.025	0.0	0.0	0.0	0.0	0.0	0.0	0.0	0.0	0.0	0.0	0.0	0.0	0.0	0.0	0.015	0.07	0.0	0.0	0.0	0.0	0.0	0.0	0.0	0.0	450.0	580.0	380.0	380.0	0.23	0.23	0.0	0.0
HC380La	Automotive specification			Standard Specifications	Automotive high strength low alloy (variant)	HSLA Steel		0.0	0.12	0.7	1.4	0.0	0.5	0.0	0.015	0.0	0.025	0.0	0.0	0.0	0.0	0.0	0.0	0.0	0.0	0.0	0.0	0.0	0.0	0.0	0.0	0.015	0.07	0.0	0.0	0.0	0.0	0.0	0.0	0.0	0.0	450.0	580.0	380.0	380.0	0.23	0.23	0.0	0.0
HC500LA	Automotive specification			Standard Specifications	Automotive high strength low alloy	HSLA Steel		0.0	0.12	0.8	1.6	0.0	0.5	0.0	0.015	0.0	0.025	0.0	0.0	0.0	0.0	0.0	0.0	0.0	0.2	0.0	0.0	0.0	0.0	0.0	0.0	0.015	0.07	0.0	0.15	0.0	0.09	0.0	0.0	0.0	0.0	550.0	700.0	500.0	500.0	0.19	0.19	0.0	0.0
HC550LA	Automotive specification			Standard Specifications	Automotive high strength low alloy	HSLA Steel		0.0	0.12	0.8	1.8	0.0	0.5	0.0	0.015	0.0	0.025	0.0	0.0	0.0	0.0	0.0	0.0	0.0	0.2	0.0	0.0	0.0	0.0	0.0	0.0	0.015	0.07	0.0	0.15	0.0	0.09	0.0	0.0	0.0	0.0	600.0	760.0	550.0	550.0	0.17	0.17	0.0	0.0
95Cr1	DIN 17230	255-300 HB		Standard Specifications	Tool steel	Tool Steel		0.9	1.05	0.25	0.45	0.15	0.35	0.0	0.0	0.0	0.0	0.4	0.6	0.0	0.0	0.0	0.0	0.0	0.0	0.0	0.0	0.0	0.0	0.0	0.0	0.0	0.0	0.0	0.0	0.0	0.0	0.0	0.0	0.0	0.0	850.0	1000.0	0.0	0.0	0.0	0.0	0.0	0.0
Cf53	DIN 17200			Standard Specifications	Carbon steel	Carbon Steel		0.5	0.6	0.6	0.9	0.0	0.4	0.0	0.0	0.0	0.0	0.0	0.0	0.0	0.0	0.0	0.0	0.0	0.0	0.0	0.0	0.0	0.0	0.0	0.0	0.0	0.0	0.0	0.0	0.0	0.0	0.0	0.0	0.0	0.0	700.0	850.0	0.0	0.0	0.0	0.0	0.0	0.0
C1000S	Automotive specification			Standard Specifications	High carbon steel	Carbon Steel		0.95	1.05	0.3	0.6	0.15	0.35	0.0	0.0	0.0	0.0	0.0	0.0	0.0	0.0	0.0	0.0	0.0	0.0	0.0	0.0	0.0	0.0	0.0	0.0	0.0	0.0	0.0	0.0	0.0	0.0	0.0	0.0	0.0	0.0	850.0	1000.0	0.0	0.0	0.0	0.0	0.0	0.0
St22	DIN 17100			Standard Specifications	General structural steel	Structural Steel		0.0	0.17	0.0	0.5	0.0	0.0	0.0	0.0	0.0	0.0	0.0	0.0	0.0	0.0	0.0	0.0	0.0	0.0	0.0	0.0	0.0	0.0	0.0	0.0	0.0	0.0	0.0	0.0	0.0	0.0	0.0	0.0	0.0	0.0	340.0	470.0	215.0	215.0	0.0	0.0	0.0	0.0
A11	ASTM A29			Standard Specifications	Tool steel	Tool Steel		0.95	1.1	1.0	1.3	0.0	0.0	0.0	0.0	0.0	0.0	0.0	0.0	0.0	0.0	0.0	0.0	0.0	0.0	0.0	0.0	0.0	0.0	0.0	0.0	0.0	0.0	0.0	0.0	0.0	0.0	0.0	0.0	0.0	0.0	900.0	1100.0	0.0	0.0	0.0	0.0	0.0	0.0
A182 F22	ASTM A182			Standard Specifications	Alloy steel forging	Alloy Steel		0.05	0.15	0.3	0.6	0.5	0.5	0.0	0.0	0.0	0.0	2.0	2.5	0.0	0.0	0.87	1.13	0.0	0.0	0.0	0.0	0.0	0.0	0.0	0.0	0.0	0.0	0.0	0.0	0.0	0.0	0.0	0.0	0.0	0.0	415.0	415.0	205.0	205.0	0.0	0.0	0.0	0.0
IPE	EN 10365:2017			Standard Specifications	I-beam structural section	Structural Section		0.0	0.24	0.0	1.6	0.0	0.55	0.0	0.0	0.0	0.0	0.0	0.0	0.0	0.0	0.0	0.0	0.0	0.0	0.0	0.0	0.0	0.0	0.0	0.0	0.0	0.0	0.0	0.0	0.0	0.0	0.0	0.0	0.0	0.0	470.0	630.0	355.0	355.0	0.0	0.0	0.0	0.0
IPE330	EN 10365:2017			Standard Specifications	IPE330 I-beam structural section	Structural Section		0.0	0.24	0.0	1.6	0.0	0.55	0.0	0.0	0.0	0.0	0.0	0.0	0.0	0.0	0.0	0.0	0.0	0.0	0.0	0.0	0.0	0.0	0.0	0.0	0.0	0.0	0.0	0.0	0.0	0.0	0.0	0.0	0.0	0.0	470.0	630.0	355.0	355.0	0.0	0.0	0.0	0.0
HEA	EN 10365:2017			Standard Specifications	HEA wide flange beam	Structural Section		0.0	0.24	0.0	1.6	0.0	0.55	0.0	0.0	0.0	0.0	0.0	0.0	0.0	0.0	0.0	0.0	0.0	0.0	0.0	0.0	0.0	0.0	0.0	0.0	0.0	0.0	0.0	0.0	0.0	0.0	0.0	0.0	0.0	0.0	470.0	630.0	355.0	355.0	0.0	0.0	0.0	0.0
HEB	EN 10365:2017			Standard Specifications	HEB wide flange beam	Structural Section		0.0	0.24	0.0	1.6	0.0	0.55	0.0	0.0	0.0	0.0	0.0	0.0	0.0	0.0	0.0	0.0	0.0	0.0	0.0	0.0	0.0	0.0	0.0	0.0	0.0	0.0	0.0	0.0	0.0	0.0	0.0	0.0	0.0	0.0	470.0	630.0	355.0	355.0	0.0	0.0	0.0	0.0
IPN	EN 10365:2017			Standard Specifications	IPN narrow flange beam	Structural Section		0.0	0.24	0.0	1.6	0.0	0.55	0.0	0.0	0.0	0.0	0.0	0.0	0.0	0.0	0.0	0.0	0.0	0.0	0.0	0.0	0.0	0.0	0.0	0.0	0.0	0.0	0.0	0.0	0.0	0.0	0.0	0.0	0.0	0.0	470.0	630.0	355.0	355.0	0.0	0.0	0.0	0.0
H380LAD	Automotive specification			Standard Specifications	Automotive HSLA with improved drawability	HSLA Steel		0.0	0.12	0.7	1.4	0.0	0.5	0.0	0.015	0.0	0.025	0.0	0.0	0.0	0.0	0.0	0.0	0.0	0.0	0.0	0.0	0.0	0.0	0.0	0.0	0.015	0.07	0.0	0.0	0.0	0.0	0.0	0.0	0.0	0.0	450.0	580.0	380.0	380.0	0.25	0.25	0.0	0.0
HE320D	Automotive specification			Standard Specifications	Automotive high strength steel	HSLA Steel		0.0	0.12	0.6	1.2	0.0	0.5	0.0	0.015	0.0	0.025	0.0	0.0	0.0	0.0	0.0	0.0	0.0	0.0	0.0	0.0	0.0	0.0	0.0	0.0	0.015	0.07	0.0	0.0	0.0	0.0	0.0	0.0	0.0	0.0	400.0	520.0	320.0	320.0	0.23	0.23	0.0	0.0
HR550LA-HD50G50G	Automotive specification			Standard Specifications	Hot rolled HSLA with galvanized coating	HSLA Steel		0.0	0.12	0.8	1.8	0.0	0.5	0.0	0.015	0.0	0.025	0.0	0.0	0.0	0.0	0.0	0.0	0.0	0.0	0.0	0.0	0.0	0.0	0.0	0.0	0.015	0.07	0.0	0.0	0.0	0.0	0.0	0.0	0.0	0.0	600.0	760.0	550.0	550.0	0.17	0.17	0.0	0.0
HCT590X	Automotive specification			Standard Specifications	High strength automotive steel	AHSS Steel		0.05	0.12	1.2	2.0	0.1	0.5	0.0	0.015	0.0	0.08	0.0	0.0	0.0	0.0	0.0	0.0	0.0	0.0	0.0	0.0	0.0	0.0	0.0	0.0	0.02	0.07	0.0	0.0	0.0	0.0	0.0	0.0	0.0	0.0	590.0	710.0	330.0	330.0	0.22	0.22	0.0	0.0
HCT600X	Automotive specification			Standard Specifications	High strength automotive steel	AHSS Steel		0.06	0.14	1.4	2.2	0.1	0.5	0.0	0.015	0.0	0.08	0.0	0.0	0.0	0.0	0.0	0.0	0.0	0.0	0.0	0.0	0.0	0.0	0.0	0.0	0.02	0.07	0.0	0.0	0.0	0.0	0.0	0.0	0.0	0.0	600.0	750.0	350.0	350.0	0.2	0.2	0.0	0.0
HCT780X	Automotive specification			Standard Specifications	Ultra high strength automotive steel	AHSS Steel		0.07	0.15	1.8	2.5	0.15	0.5	0.0	0.015	0.0	0.08	0.0	0.0	0.0	0.0	0.0	0.0	0.0	0.0	0.0	0.0	0.0	0.0	0.0	0.0	0.02	0.07	0.0	0.0	0.0	0.0	0.0	0.0	0.0	0.0	780.0	980.0	420.0	420.0	0.17	0.17	0.0	0.0
HCT980XG	Automotive specification			Standard Specifications	Ultra high strength galvanized automotive steel	AHSS Steel		0.1	0.17	2.0	2.8	0.2	0.6	0.0	0.015	0.0	0.08	0.0	0.0	0.0	0.0	0.0	0.0	0.0	0.0	0.0	0.0	0.0	0.0	0.0	0.0	0.02	0.07	0.0	0.0	0.0	0.0	0.0	0.0	0.0	0.0	980.0	1180.0	550.0	550.0	0.12	0.12	0.0	0.0
CR590Y980T-DP	Automotive specification			Standard Specifications	Ultra high strength dual phase steel	Dual Phase Steel		0.08	0.16	1.8	2.6	0.15	0.5	0.0	0.015	0.0	0.08	0.0	0.0	0.0	0.0	0.0	0.0	0.0	0.0	0.0	0.0	0.0	0.0	0.0	0.0	0.02	0.07	0.0	0.0	0.0	0.0	0.0	0.0	0.0	0.0	980.0	1180.0	590.0	590.0	0.12	0.12	0.0	0.0
CR700Y980T-DP	Automotive specification			Standard Specifications	Ultra high strength dual phase steel	Dual Phase Steel		0.1	0.17	2.0	2.8	0.2	0.6	0.0	0.015	0.0	0.08	0.0	0.0	0.0	0.0	0.0	0.0	0.0	0.0	0.0	0.0	0.0	0.0	0.0	0.0	0.02	0.07	0.0	0.0	0.0	0.0	0.0	0.0	0.0	0.0	980.0	1180.0	700.0	700.0	0.1	0.1	0.0	0.0
DX	EN 10346:2015			Standard Specifications	Generic galvanized steel designation	Galvanized Steel		0.0	0.12	0.0	0.6	0.0	0.0	0.0	0.045	0.0	0.12	0.0	0.0	0.0	0.0	0.0	0.0	0.0	0.0	0.0	0.0	0.0	0.0	0.0	0.0	0.01	0.01	0.0	0.0	0.0	0.0	0.0	0.0	0.0	0.0	270.0	500.0	0.0	0.0	0.0	0.0	0.0	0.0
MC	EN 10149:2013			Standard Specifications	Generic microalloyed steel designation	Microalloyed Steel		0.0	0.12	0.0	1.7	0.0	0.5	0.0	0.015	0.0	0.025	0.0	0.0	0.0	0.0	0.0	0.0	0.0	0.0	0.0	0.0	0.0	0.0	0.0	0.0	0.015	0.015	0.0	0.0	0.0	0.0	0.0	0.0	0.0	0.0	350.0	950.0	0.0	0.0	0.0	0.0	0.0	0.0
S355J2C	EN 10025-2:2019		27J at -20°C	Standard Specifications	Structural steel with improved impact properties	Structural Steel		0.0	0.2	0.0	1.6	0.0	0.55	0.0	0.025	0.0	0.025	0.0	0.0	0.0	0.0	0.0	0.0	0.0	0.0	0.0	0.0	0.0	0.0	0.0	0.0	0.0	0.0	0.0	0.0	0.0	0.0	0.0	0.0	0.0	0.0	470.0	630.0	355.0	355.0	0.22	0.22	0.0	0.0
S355K2	EN 10025-3:2019		40J at -20°C	Standard Specifications	Normalized fine grain structural steel	Structural Steel		0.0	0.18	1.0	1.6	0.0	0.55	0.0	0.025	0.0	0.025	0.0	0.0	0.0	0.0	0.0	0.0	0.0	0.0	0.0	0.0	0.0	0.0	0.0	0.0	0.0	0.0	0.0	0.0	0.0	0.0	0.0	0.0	0.0	0.0	470.0	630.0	355.0	355.0	0.22	0.22	0.0	0.0
S355K2+N	EN 10025-3:2019		40J at -20°C	Standard Specifications	Normalized fine grain structural steel	Structural Steel		0.0	0.18	1.0	1.6	0.0	0.55	0.0	0.025	0.0	0.025	0.0	0.0	0.0	0.0	0.0	0.0	0.0	0.0	0.0	0.0	0.0	0.0	0.0	0.0	0.0	0.0	0.0	0.0	0.0	0.0	0.0	0.0	0.0	0.0	470.0	630.0	355.0	355.0	0.22	0.22	0.0	0.0
X	Generic designation			Standard Specifications	Generic steel designation	Generic Steel		0.0	0.0	0.0	0.0	0.0	0.0	0.0	0.0	0.0	0.0	0.0	0.0	0.0	0.0	0.0	0.0	0.0	0.0	0.0	0.0	0.0	0.0	0.0	0.0	0.0	0.0	0.0	0.0	0.0	0.0	0.0	0.0	0.0	0.0	0.0	0.0	0.0	0.0	0.0	0.0	0.0	0.0
HX180YD	Automotive specification			Standard Specifications	Automotive high strength steel with improved drawability	HSLA Steel		0.0	0.1	0.0	0.5	0.0	0.5	0.0	0.015	0.0	0.025	0.0	0.0	0.0	0.0	0.0	0.0	0.0	0.0	0.0	0.0	0.0	0.0	0.0	0.0	0.015	0.07	0.0	0.0	0.0	0.0	0.0	0.0	0.0	0.0	300.0	380.0	180.0	180.0	0.34	0.34	0.0	0.0
HX260LAD	Automotive specification			Standard Specifications	Automotive HSLA with improved drawability	HSLA Steel		0.0	0.1	0.4	0.8	0.0	0.5	0.0	0.015	0.0	0.025	0.0	0.0	0.0	0.0	0.0	0.0	0.0	0.0	0.0	0.0	0.0	0.0	0.0	0.0	0.015	0.07	0.0	0.0	0.0	0.0	0.0	0.0	0.0	0.0	350.0	450.0	260.0	260.0	0.31	0.31	0.0	0.0
HX300	Automotive specification			Standard Specifications	Automotive high strength steel	HSLA Steel		0.0	0.12	0.6	1.0	0.0	0.5	0.0	0.015	0.0	0.025	0.0	0.0	0.0	0.0	0.0	0.0	0.0	0.0	0.0	0.0	0.0	0.0	0.0	0.0	0.015	0.07	0.0	0.0	0.0	0.0	0.0	0.0	0.0	0.0	380.0	480.0	300.0	300.0	0.25	0.25	0.0	0.0
HX300LAD	Automotive specification			Standard Specifications	Automotive HSLA with improved drawability	HSLA Steel		0.0	0.12	0.6	1.0	0.0	0.5	0.0	0.015	0.0	0.025	0.0	0.0	0.0	0.0	0.0	0.0	0.0	0.0	0.0	0.0	0.0	0.0	0.0	0.0	0.015	0.07	0.0	0.0	0.0	0.0	0.0	0.0	0.0	0.0	380.0	480.0	300.0	300.0	0.27	0.27	0.0	0.0
HX340LAD	Automotive specification			Standard Specifications	Automotive HSLA with improved drawability	HSLA Steel		0.0	0.12	0.7	1.2	0.0	0.5	0.0	0.015	0.0	0.025	0.0	0.0	0.0	0.0	0.0	0.0	0.0	0.0	0.0	0.0	0.0	0.0	0.0	0.0	0.015	0.07	0.0	0.0	0.0	0.0	0.0	0.0	0.0	0.0	410.0	510.0	340.0	340.0	0.26	0.26	0.0	0.0
HX380	Automotive specification			Standard Specifications	Automotive high strength steel	HSLA Steel		0.0	0.12	0.7	1.4	0.0	0.5	0.0	0.015	0.0	0.025	0.0	0.0	0.0	0.0	0.0	0.0	0.0	0.0	0.0	0.0	0.0	0.0	0.0	0.0	0.015	0.07	0.0	0.0	0.0	0.0	0.0	0.0	0.0	0.0	450.0	580.0	380.0	380.0	0.23	0.23	0.0	0.0
HX420	Automotive specification			Standard Specifications	Automotive high strength steel	HSLA Steel		0.0	0.12	0.7	1.6	0.0	0.5	0.0	0.015	0.0	0.025	0.0	0.0	0.0	0.0	0.0	0.0	0.0	0.0	0.0	0.0	0.0	0.0	0.0	0.0	0.015	0.07	0.0	0.0	0.0	0.0	0.0	0.0	0.0	0.0	480.0	620.0	420.0	420.0	0.21	0.21	0.0	0.0
HX420LAD	Automotive specification			Standard Specifications	Automotive HSLA with improved drawability	HSLA Steel		0.0	0.12	0.7	1.6	0.0	0.5	0.0	0.015	0.0	0.025	0.0	0.0	0.0	0.0	0.0	0.0	0.0	0.0	0.0	0.0	0.0	0.0	0.0	0.0	0.015	0.07	0.0	0.0	0.0	0.0	0.0	0.0	0.0	0.0	480.0	620.0	420.0	420.0	0.23	0.23	0.0	0.0
